{"x":46.033512115478519,"y":8.769617080688477,"z":0.0}